customer_phone_num,customer_email,customer_name,customer_age
1000000001,success+demo1@simulator.amazonses.com,maria,12
1000000002,success+demo2@simulator.amazonses.com,maria,13
1000000003,success+demo3@simulator.amazonses.com,maria,14
1000000004,success+demo4@simulator.amazonses.com,maria,15
1000000005,success+demo5@simulator.amazonses.com,maria,16
1000000006,success+demo6@simulator.amazonses.com,maria,17
1000000007,success+demo7@simulator.amazonses.com,maria,18
1000000008,success+demo8@simulator.amazonses.com,maria,19
1000000009,success+demo9@simulator.amazonses.com,maria,20
1000000010,success+demo10@simulator.amazonses.com,maria,21
1000000011,success+demo11@simulator.amazonses.com,maria,22
1000000012,success+demo12@simulator.amazonses.com,maria,23
1000000013,success+demo13@simulator.amazonses.com,maria,24
1000000014,success+demo14@simulator.amazonses.com,maria,25
1000000015,success+demo15@simulator.amazonses.com,maria,26
1000000016,success+demo16@simulator.amazonses.com,maria,27
1000000017,success+demo17@simulator.amazonses.com,maria,28
1000000018,success+demo18@simulator.amazonses.com,maria,29
1000000019,success+demo19@simulator.amazonses.com,maria,30
1000000020,success+demo20@simulator.amazonses.com,maria,31
1000000021,success+demo21@simulator.amazonses.com,pedro,32
1000000022,success+demo22@simulator.amazonses.com,pedro,33
1000000023,success+demo23@simulator.amazonses.com,pedro,34
1000000024,success+demo24@simulator.amazonses.com,pedro,35
1000000025,success+demo25@simulator.amazonses.com,pedro,36
1000000026,success+demo26@simulator.amazonses.com,pedro,37
1000000027,success+demo27@simulator.amazonses.com,pedro,38
1000000028,success+demo28@simulator.amazonses.com,pedro,39
1000000029,success+demo29@simulator.amazonses.com,pedro,40
1000000030,success+demo30@simulator.amazonses.com,pedro,41
1000000031,success+demo31@simulator.amazonses.com,pedro,42
1000000032,success+demo32@simulator.amazonses.com,pedro,43
1000000033,success+demo33@simulator.amazonses.com,pedro,44
1000000034,success+demo34@simulator.amazonses.com,pedro,45
1000000035,success+demo35@simulator.amazonses.com,pedro,46
1000000036,success+demo36@simulator.amazonses.com,pedro,47
1000000037,success+demo37@simulator.amazonses.com,pedro,48
1000000038,success+demo38@simulator.amazonses.com,pedro,49
1000000039,success+demo39@simulator.amazonses.com,pedro,50
1000000040,success+demo40@simulator.amazonses.com,pedro,51
1000000041,success+demo41@simulator.amazonses.com,pedro,52
1000000042,success+demo42@simulator.amazonses.com,pedro,53
1000000043,success+demo43@simulator.amazonses.com,pedro,54
1000000044,success+demo44@simulator.amazonses.com,pedro,55
1000000045,success+demo45@simulator.amazonses.com,julia,56
1000000046,success+demo46@simulator.amazonses.com,julia,57
1000000047,success+demo47@simulator.amazonses.com,julia,58
1000000048,success+demo48@simulator.amazonses.com,julia,59
1000000049,success+demo49@simulator.amazonses.com,julia,60
1000000050,success+demo50@simulator.amazonses.com,julia,12
1000000051,success+demo51@simulator.amazonses.com,julia,13
1000000052,success+demo52@simulator.amazonses.com,julia,14
1000000053,success+demo53@simulator.amazonses.com,julia,15
1000000054,success+demo54@simulator.amazonses.com,julia,16
1000000055,success+demo55@simulator.amazonses.com,julia,17
1000000056,success+demo56@simulator.amazonses.com,julia,18
1000000057,success+demo57@simulator.amazonses.com,julia,20
1000000058,success+demo58@simulator.amazonses.com,julia,28
1000000059,success+demo59@simulator.amazonses.com,julia,29
1000000060,success+demo60@simulator.amazonses.com,julia,30
1000000061,success+demo61@simulator.amazonses.com,julia,31
1000000062,success+demo62@simulator.amazonses.com,julia,32
1000000063,success+demo63@simulator.amazonses.com,julia,28
1000000064,success+demo64@simulator.amazonses.com,julia,29
1000000065,success+demo65@simulator.amazonses.com,julia,30
1000000066,success+demo66@simulator.amazonses.com,julia,31
1000000067,success+demo67@simulator.amazonses.com,julia,32
1000000068,success+demo68@simulator.amazonses.com,julia,33
1000000069,success+demo69@simulator.amazonses.com,julia,34
1000000070,success+demo70@simulator.amazonses.com,julia,28
1000000071,success+demo71@simulator.amazonses.com,julia,29
1000000072,success+demo72@simulator.amazonses.com,julia,30
1000000073,success+demo73@simulator.amazonses.com,julia,31
1000000074,success+demo74@simulator.amazonses.com,julia,32
1000000075,success+demo75@simulator.amazonses.com,julia,33
1000000076,success+demo76@simulator.amazonses.com,julia,28
1000000077,success+demo77@simulator.amazonses.com,julia,29
1000000078,success+demo78@simulator.amazonses.com,julia,30
1000000079,success+demo79@simulator.amazonses.com,andres,31
1000000080,success+demo80@simulator.amazonses.com,andres,32
1000000081,success+demo81@simulator.amazonses.com,andres,33
1000000082,success+demo82@simulator.amazonses.com,andres,34
1000000083,success+demo83@simulator.amazonses.com,andres,35
1000000084,success+demo84@simulator.amazonses.com,andres,36
1000000085,success+demo85@simulator.amazonses.com,andres,28
1000000086,success+demo86@simulator.amazonses.com,andres,29
1000000087,success+demo87@simulator.amazonses.com,andres,30
1000000088,success+demo88@simulator.amazonses.com,andres,31
1000000089,success+demo89@simulator.amazonses.com,andres,32
1000000090,success+demo90@simulator.amazonses.com,andres,33
1000000091,success+demo91@simulator.amazonses.com,andres,34
1000000092,success+demo92@simulator.amazonses.com,andres,35
1000000093,success+demo93@simulator.amazonses.com,andres,28
1000000094,success+demo94@simulator.amazonses.com,andres,29
1000000095,success+demo95@simulator.amazonses.com,andres,30
1000000096,success+demo96@simulator.amazonses.com,andres,31
1000000097,success+demo97@simulator.amazonses.com,andres,32
1000000098,success+demo98@simulator.amazonses.com,andres,33
1000000099,success+demo99@simulator.amazonses.com,andres,28
1000000100,success+demo100@simulator.amazonses.com,andres,29
