DhrlLI48:APA91bEEjfcEU8mGsSIl9IuqN3tCdBIVA0MrKmlzyFfrEfYx_0KU-IlD51Ka8Hvt_T4zkMoIgs6SNIzaHdKwFLstR47C0zudtCBMqdVpv7uFrQ4u-NA1USZGPKhrRASS8ACkKODwA2Lq;ANDROID;Ana;Perez;20;Santiago de Chile
eQ9WStgngtI:APA91bHWMiXYIDZlnOsrGgTROcqM4Tm8HIcKdFdFKF28jw0tAYoK6LAgDiG_c8H8fJZEBz2brgkY0rGlJ9ZiDGASryfmN9CTbwWegpze7kYF1YkqoBtGuXHPXHQXs-G-bWlT-z8tnh0F;ANDROID;Joaõ;Gonçalves;30;São Paulo
cBNTzwN6ohM:APA91bEIAxkfhifaVAYI2V7b8eUqwQ_xbA2Lwkkc8zmHDl4cZkHSvh3_5-X1jiIbrYJ3Z2CEE6Jk1jcbTKw3lMgiKup3wHWrOGIhtu65CFozqc3Voeby2dXmVWbJAVLnDCqnmEWmw4TI;ANDROID;José;Perez;40;Caracas
2e7d9302755aee0892ffcc332148580607ee0ac188acb02c96a8c25d3814dc24;IOS;Érika;Držislav;50;Zagreb
3bc36d5425764edcdfd57d4f49f2b26668478921ce1c51cdf373630744152aaa;IOS;Anđelo;Željko;20;Zagreb
 
3bc36d5425764edcdfd57d4f49f2b26668478921ce1c51cdf373630744152eec;IOS;Karly;Toloza;;Chile


3bc36d5425764edcdfd57d4f49f2b26668478921ce1c51cdf373630744152bbb;IOS;Angela;Chamorro;60;Zagreb
3bc36d5425764edcdfd57d4f49f2b26668478921ce1c51cdf373630744152ccc;IOS;Carmelo;Montilla;80;Zagreb

3bc36d5425764edcdfd57d4f49f2b26668478921ce1c51cdf373630744152ggg;IOS;Pepe;Grillo;80;
3bc36d5425764edcdfd57d4f49f2b26668478921ce1c51cdf373630744152ggg;IOS;;;;

cBNTzwN6ohM:APA91bEIAxkfhifaVAYI2V7b8eUqwQ_xbA2Lwkkc8zmHDl4cZkHSvh3_5-X1jiIbrYJ3Z2CEE6Jk1jcbTKw3lMgiKup3wHWrOGIhtu65CFozqc3Voeby2dXmVWbJAVLnDCqnmEWmw47bn;ANDROID;Luisa;Loca;22;Caracas

